INSERT INTO keyboard_vendor(product_type, vendor_type)
VALUES ('KEYBOARD', 'LOGITECH'),
       ('KEYBOARD', 'ABKO'),
       ('KEYBOARD', 'COX'),
       ('KEYBOARD', 'LEOPLOD'),
       ('KEYBOARD', 'HAPPYHACKING'),
       ('KEYBOARD', 'REALFORCE'),
       ('KEYBOARD', 'MSI'),
       ('KEYBOARD', 'XENICS');

INSERT INTO keyboard_layout(layout_type)
VALUES ('FULL'),
       ('TEN_KEY_LESS'),
       ('SEVENTY_FIVE_PERCENT'),
       ('SIXTY_FIVE_PERCENT');

INSERT INTO keyboard_connection(product_type, connection_type)
VALUES ('KEYBOARD', 'CABLE'),
       ('KEYBOARD', 'WIRELESS'),
       ('KEYBOARD', 'BLUETOOTH');

INSERT INTO switch(switch_type)
VALUES ('BLUE'),
       ('BROWN'),
       ('RED'),
       ('BLACK'),
       ('SILENCE_RED');

INSERT INTO member(name, email, full_address, address1, address2, zip_code)
VALUES ('name', 'mock@mock.com', '서울 송파구 송파대로 567 101동 101호', '서울 송파구 송파대로 567', '101동 101호',
        '05503');

INSERT INTO discount_policy(title, rate)
VALUES ('이벤트 할인', 0.0225),
       ('신제품 할인', 0.10);

INSERT INTO product(DTYPE, CONTENT, PRICE, QUANTITY, RENTABLE, RENTAL_PRICE,
                    RENTAL_PRODUCT_QUANTITY, TITLE, VIEW_COUNT, connection_id, vendor_id, state)
VALUES ('Keyboard', '축교환 완전방수 게이밍 카일 광축 블랙', 53500, 16, true, 5000, 7, 'HACKER K660', 1, 1, 2, 'COMMERCIAL'),
       ('Keyboard', '(정품) 컨텐츠 상세 긴 목 데이터 A occaecati tempora beatae optio nihil. Est sapiente doloribus assumenda eaque ipsa autem. Est facilis quibusdam consectetur occaecati occaecati. Nam in adipisci fuga eum debitis.', 146900, 8, true, 5000, 6, 'MX_KEYS', 1, 1, 1, 'COMMERCIAL'),
       ('Keyboard', '무선 키보드 (정품) (적축)', 99000, 4, true, 5000, 2, 'SIGNATURE K855', 1, 1, 1, 'COMMERCIAL'),
       ('Keyboard', '(정품)', 97900, 16, true, 4000, 6, 'MK850', 1, 1, 1, 'COMMERCIAL'),
       ('Keyboard', '(정품) 목 데이터 긴 거 A occaecati tempora beatae optio nihil. Est sapiente doloribus assumenda eaque ipsa autem. Est facilis quibusdam consectetur occaecati occaecati. Nam in adipisci fuga eum debitis.', 62950, 8, true, 5000, 6, 'MK545', 1, 1, 1, 'COMMERCIAL'),
       ('Keyboard', 'OfficeMaster 한글', 159000, 8, true, 5000, 8, 'GK898B', 1, 1, 1, 'COMMERCIAL'),
       ('Keyboard', '그라파이트 화이트 한글', 166400, 13, true, 5000, 8, 'FC900RBT PD', 1, 1, 4, 'COMMERCIAL'),
       ('Keyboard', '화이트투톤 한글 ', 166970, 11, true, 5000, 5, 'NP900RBT PD', 1, 1, 1, 'COMMERCIAL'),
       ('Keyboard', '이색사출 PBT 체리 키보드 미드나잇그린', 75000, 9, true, 5000, 7, 'HACKER K660M', 1, 1, 1, 'COMMERCIAL'),
       ('Keyboard', '(정품)', 249000, 15, true, 5000, 3, 'G913 TKL', 1, 1, 1, 'COMMERCIAL'),
       ('Keyboard', '화이트 블루스타 한글', 164320, 8, true, 5000, 3, 'FC750RBT PD', 1, 1, 4, 'COMMERCIAL'),
       ('Keyboard', '축교환 게이밍 기계식 블랙 (청축)', 33500, 13, true, 4000, 5, 'HACKER K640', 1, 1, 2, 'COMMERCIAL'),
       ('Keyboard', '축교환 완전방수 게이밍 카일 광축 블랙 (클릭)', 53500, 11, true, 5000, 1, 'HACKER K660', 1, 1, 2, 'COMMERCIAL'),
       ('Keyboard', '코랄블루 영문 (저소음 적축)', 189000, 10, true, 10000, 3, 'FC750RBT PD', 1, 1, 4, 'COMMERCIAL'),
       ('Keyboard', '그라파이트 화이트 한글 (저소음 적축)', 169150, 8, true, 3000, 9, 'FC900RBT PD', 1, 1, 4, 'COMMERCIAL'),
       ('Keyboard', '화이트민트 한글 (저소음적축)', 174990, 7, true, 6000, 5, 'FC900RBT PD', 1, 1, 4, 'COMMERCIAL'),
       ('Keyboard', '이색사출 그레이 블루 한글 (저소음 적축)', 141040, 9, true, 7500, 3, 'FC900R PD', 1, 1, 4, 'COMMERCIAL'),
       ('Keyboard', '(청축)', 56900, 6, true, 4000, 4, 'STORMX K5', 1, 1, 4, 'COMMERCIAL'),
       ('Keyboard', '차콜 블루 한글 (저소음 적축)', 169620, 5, true, 4000, 5, 'FC900RBT PD', 1, 1, 4, 'COMMERCIAL'),
       ('Keyboard', '기계식 키보드 (청축)', 75800, 6, true, 6000, 7, 'STORMX TITAN MARK V', 1, 1, 4, 'COMMERCIAL'),
       ('Keyboard', '코랄블루 영문 (저소음 적축)', 187490, 9, true, 3500, 2, 'FC750RBT PD', 1, 1, 4, 'COMMERCIAL'),
       ('Keyboard', '(화이트, 청축)', 105000, 11, true, 4500, 5, 'SCORPIUS M10TSFL', 1, 1, 4, 'COMMERCIAL'),
       ('Keyboard', '스카이문 LED 완전방수 무접점 (45g)', 190000, 6, true, 4500, 6, 'HACKER K990 V3', 1, 1, 2, 'COMMERCIAL'),
       ('Keyboard', '(청축)', 132000, 15, true, 6000, 2, 'TESORO M9 SPECTRUM', 1, 1, 4, 'COMMERCIAL'),
       ('Keyboard', '무선 블루투스 기계식 미니 키보드 (블랙)', 165000, 8, true, 8000, 7, 'K660M-L68', 1, 1, 2, 'COMMERCIAL'),
       ('Keyboard', '그레이퍼플 한글 (청축)', 164900, 10, true, 10000, 6, 'FC900RBT PD', 1, 1, 4, 'COMMERCIAL'),
       ('Keyboard', '무접점 키보드 (그레이, 30g)', 199000, 12, true, 4500, 4, 'KN10C PBT', 1, 1, 2, 'COMMERCIAL'),
       ('Keyboard', '(화이트)', 27850, 13, true, 3000, 3, 'STORMX TITAN SE', 1, 1, 8, 'COMMERCIAL'),
       ('Keyboard', '게이밍 기계식 키보드 (갈축)', 38990, 13, true, 5000, 5, '스톰체이서LT', 1, 1, 8, 'COMMERCIAL'),
       ('Keyboard', 'LOW PROFILE', 99000, 12, true, 2000, 7, 'GK50', 1, 1, 7, 'COMMERCIAL');
--30
--        ('Keyboard', '', , 10, true, , 5, '', 1, 1, 1), --31
--        ('Keyboard', '', , 10, true, , 5, '', 1, 1, 1), --32
--        ('Keyboard', '', , 10, true, , 5, '', 1, 1, 1), --33
--        ('Keyboard', '', , 10, true, , 5, '', 1, 1, 1); --34

INSERT INTO keyboard(id, layout_id)
VALUES (1, 1),
       (2, 2),
       (3, 3),
       (4, 2),
       (5, 1),
       (6, 1),
       (7, 1),
       (8, 3),
       (9, 1),
       (10, 1),
       (11, 1),
       (12, 1),
       (13, 1),
       (14, 1),
       (15, 1),
       (16, 1),
       (17, 1),
       (18, 1),
       (19, 1),
       (20, 1),
       (21, 1),
       (22, 1),
       (23, 1),
       (24, 1),
       (25, 1),
       (26, 1),
       (27, 1),
       (28, 1),
       (29, 1),
       (30, 1);

INSERT INTO product_unit(serial_number, state, product_id)
VALUES
    ('e1741dffadf1', 'SALE', 24),
    ('14f0523e398c', 'SALE', 10),
    ('4723ed89ce7b', 'SALE', 14),
    ('f3365c619354', 'SALE', 7),
    ('e4772637b4ae', 'SALE', 17),
    ('2a67b8f941e5', 'SALE', 21),
    ('df56efd4e3b1', 'SALE', 22),
    ('c30a66e5e440', 'SALE', 28),
    ('0f21849d6031', 'SALE', 26),
    ('f61c1321ef96', 'SALE', 12),
    ('53f9102379ac', 'SALE', 30),
    ('664d092f2d45', 'SALE', 24),
    ('e0698af3c9bd', 'SALE', 19),
    ('a67d56eda760', 'SALE', 8),
    ('6849893c5a40', 'SALE', 21),
    ('0257d2d46182', 'SALE', 12),
    ('d06579658b74', 'SALE', 10),
    ('d2007e20b2a5', 'SALE', 20),
    ('f3df29c20e70', 'SALE', 9),
    ('476fe56a5609', 'SALE', 14),
    ('5b3dd7b3d51e', 'SALE', 10),
    ('9ebc912638b9', 'SALE', 16),
    ('e8df92a1e80a', 'SALE', 29),
    ('aa7dfc8992aa', 'SALE', 15),
    ('b133e63ee25e', 'SALE', 1),
    ('130e3f580c4b', 'SALE', 23),
    ('5afec6765e2f', 'SALE', 9),
    ('ee7f78d041b8', 'SALE', 11),
    ('4f35aa975718', 'SALE', 12),
    ('dd530f2c966f', 'SALE', 2),
    ('f9cef3bae610', 'SALE', 4),
    ('989ca7d640d7', 'SALE', 15),
    ('845065c271df', 'SALE', 9),
    ('f020f25fe75f', 'SALE', 10),
    ('740f677e0f8e', 'SALE', 10),
    ('94d19c4e0fb4', 'SALE', 21),
    ('102ec015a077', 'SALE', 9),
    ('67471cb603cc', 'SALE', 18),
    ('3eb27cc9696a', 'SALE', 1),
    ('421ec7034995', 'SALE', 28),
    ('712fddc19a95', 'SALE', 14),
    ('8adbe1dac563', 'SALE', 22),
    ('5a14045b1be4', 'SALE', 20),
    ('1301c05e6b65', 'SALE', 30),
    ('246899f06065', 'SALE', 26),
    ('cedc2430c32b', 'SALE', 26),
    ('6c6f19484ad0', 'SALE', 30),
    ('6f4cf3a17e33', 'SALE', 29),
    ('761e91817026', 'SALE', 21),
    ('7dcb8aeed5e2', 'SALE', 25),
    ('577af1777d82', 'SALE', 29),
    ('7138a75eb93a', 'SALE', 3),
    ('96a976da9281', 'SALE', 23),
    ('c76c4a7dd6da', 'SALE', 8),
    ('6a95d9e3a2e2', 'SALE', 27),
    ('5642d011b536', 'SALE', 4),
    ('e0f3e69ab158', 'SALE', 28),
    ('41b656c95bb0', 'SALE', 22),
    ('6fbab8e44c7a', 'SALE', 29),
    ('e999bafd2bb5', 'SALE', 27),
    ('7c8f068a2293', 'SALE', 18),
    ('fcc25dc7d059', 'SALE', 23),
    ('c3dda86d3971', 'SALE', 5),
    ('12b57fa5baf7', 'SALE', 12),
    ('3610dd0ba508', 'SALE', 12),
    ('bff98780403d', 'SALE', 7),
    ('3d3c2af97768', 'SALE', 29),
    ('4d4f18ed4528', 'SALE', 11),
    ('5671e8f8c456', 'SALE', 22),
    ('18bb1df40339', 'SALE', 20),
    ('066188fc27ee', 'SALE', 24),
    ('16fd96962bf7', 'SALE', 7),
    ('a3a52ccb1ac1', 'SALE', 7),
    ('8bda18bd3b19', 'SALE', 25),
    ('5136ded15e8e', 'SALE', 17),
    ('32d3c21ac32a', 'SALE', 1),
    ('b4c9195df685', 'SALE', 14),
    ('15ba56be6dcb', 'SALE', 8),
    ('cd8f33f7a229', 'SALE', 7),
    ('ae5901642d07', 'SALE', 17),
    ('895a7db1a7c2', 'SALE', 16),
    ('16bbc428112a', 'SALE', 16),
    ('500f929a4464', 'SALE', 27),
    ('afa81efe97f4', 'SALE', 9),
    ('8341702858a6', 'SALE', 12),
    ('fc27afeeb1b8', 'SALE', 9),
    ('ba02b213976f', 'SALE', 13),
    ('872e6e022ebe', 'SALE', 26),
    ('5cb4b91563f6', 'SALE', 5),
    ('b1c21c06d4fd', 'SALE', 14),
    ('5276ecab21ab', 'SALE', 26),
    ('dc7eea048def', 'SALE', 18),
    ('29b345c386af', 'SALE', 29),
    ('916eca5e0430', 'SALE', 24),
    ('480e851f7377', 'SALE', 8),
    ('1f9c2fc5754a', 'SALE', 27),
    ('9c14e3120290', 'SALE', 29),
    ('b55fe62209ae', 'SALE', 1),
    ('fe71ad83572d', 'SALE', 10),
    ('6800ff3836c2', 'SALE', 29),
    ('005fd57184bc', 'SALE', 28),
    ('2558935c3528', 'SALE', 28),
    ('bef1cf56f2d5', 'SALE', 11),
    ('d395e71ab385', 'SALE', 12),
    ('a4ffb2e2fa33', 'SALE', 8),
    ('f8fd168059b3', 'SALE', 20),
    ('7f7c975f10a9', 'SALE', 21),
    ('f90ce792233c', 'SALE', 19),
    ('c141b640b0bd', 'SALE', 18),
    ('90d4b7c59222', 'SALE', 1),
    ('0d0e0435a6dd', 'SALE', 28),
    ('970f627a0f25', 'SALE', 23),
    ('aec5372de17d', 'SALE', 16),
    ('33e011fdb952', 'SALE', 2),
    ('3dc711d83840', 'SALE', 10),
    ('a200efc33aca', 'SALE', 13),
    ('f0dee8202359', 'SALE', 19),
    ('8c28b3a7b99e', 'SALE', 27),
    ('cf6b7b42e1a4', 'SALE', 27),
    ('2b3fc9c5df18', 'SALE', 13),
    ('a08efbdab3ba', 'SALE', 12),
    ('c445462fe3af', 'SALE', 10),
    ('6c4e11336979', 'SALE', 6),
    ('001ba3ab1602', 'SALE', 16),
    ('4a137a24b63e', 'SALE', 22),
    ('a74301ca0192', 'SALE', 14),
    ('26550d9db49e', 'SALE', 4),
    ('045f40554f25', 'SALE', 5),
    ('b3d95d5e5458', 'SALE', 29),
    ('cda674839886', 'SALE', 3),
    ('be2269f4fcc0', 'SALE', 7),
    ('7b896894cf4f', 'SALE', 27),
    ('771904e9924e', 'SALE', 9),
    ('f340799b396e', 'SALE', 29),
    ('e2b34c9367a7', 'SALE', 7),
    ('3b75a26ab73c', 'SALE', 1),
    ('bc037fcf8b45', 'SALE', 30),
    ('a55410ca2fab', 'SALE', 1),
    ('fb67850759b3', 'SALE', 4),
    ('7075345317a2', 'SALE', 24),
    ('22927fdaee94', 'SALE', 3),
    ('5d28d7dd6657', 'SALE', 6),
    ('3a51116fb06c', 'SALE', 2),
    ('8ed4d78b49b4', 'SALE', 24),
    ('1ab053e467a8', 'SALE', 2),
    ('5038b0244740', 'SALE', 22),
    ('73e197cf5082', 'SALE', 30),
    ('70c34cd177b6', 'SALE', 24),
    ('577d115a6a17', 'SALE', 15),
    ('c32e5adbfa62', 'SALE', 2),
    ('34ed10ff9b0a', 'SALE', 4),
    ('9efb8d5945be', 'SALE', 1),
    ('e8eb87006ae8', 'SALE', 13),
    ('ed4682c0d6dd', 'SALE', 14),
    ('d1184a4a6d66', 'SALE', 6),
    ('a0cd6afd9fdf', 'SALE', 24),
    ('af7682ff9c95', 'SALE', 26),
    ('3e5c3626fe0e', 'SALE', 9),
    ('580c0670f457', 'SALE', 30),
    ('e2be6ccfd08b', 'SALE', 8),
    ('068fce543598', 'SALE', 26),
    ('df82ab2e291b', 'SALE', 19),
    ('71f79310a148', 'SALE', 5),
    ('86f690c7684f', 'SALE', 27),
    ('d0c111572047', 'SALE', 20),
    ('f6ccd514651e', 'SALE', 5),
    ('fd5cf9f860a8', 'SALE', 6),
    ('65b4876c7353', 'SALE', 29),
    ('9b5c642f5390', 'SALE', 6),
    ('a65c816b860d', 'SALE', 1),
    ('480c916289ad', 'SALE', 5),
    ('b51071c3072a', 'SALE', 29),
    ('ebbcc2cccffc', 'SALE', 15),
    ('65532b4e878d', 'SALE', 24),
    ('e1d5c05275a7', 'SALE', 16),
    ('bac5ac4ab747', 'SALE', 4),
    ('4a946d1cf46f', 'SALE', 25),
    ('c3fce95b5e59', 'SALE', 13),
    ('615a660dd15d', 'SALE', 21),
    ('e6b0a4c1c0fc', 'SALE', 28),
    ('3339ce5cbece', 'SALE', 30),
    ('6cf313ab58a4', 'SALE', 21),
    ('c46895d5803e', 'SALE', 4),
    ('c630af6d5844', 'SALE', 24),
    ('cc2648b406ca', 'SALE', 8),
    ('3c78dde802b6', 'SALE', 4),
    ('7e3c6dfda37c', 'SALE', 30),
    ('eee62daf8599', 'SALE', 15),
    ('00f3ed1d1ffa', 'SALE', 10),
    ('7010bfa448bf', 'SALE', 10),
    ('c08f59291d23', 'SALE', 27),
    ('7dc27739f95f', 'SALE', 7),
    ('fd49a997549e', 'SALE', 13),
    ('e911cf7b41dd', 'SALE', 4),
    ('32ddc1122102', 'SALE', 28),
    ('cd90f9a902e1', 'SALE', 4),
    ('28ef3c241b10', 'SALE', 11),
    ('e55d24c2a5f3', 'SALE', 25),
    ('6f408cf8fbc6', 'SALE', 29),
    ('567d401d8b77', 'SALE', 16),
    ('3d4cf2ab85e7', 'SALE', 5),
    ('ee48305049a4', 'SALE', 7),
    ('09ceafac5a7d', 'SALE', 21),
    ('df1445483102', 'SALE', 26),
    ('b347c7189c90', 'SALE', 5),
    ('72f277c3e461', 'SALE', 30),
    ('1c428d0df45b', 'SALE', 14),
    ('e2a0c5e99123', 'SALE', 24),
    ('94766e0a4841', 'SALE', 24),
    ('f24b22f40b3d', 'SALE', 17),
    ('336d2baf7d1e', 'SALE', 24),
    ('075e3fc0ba11', 'SALE', 13),
    ('e379f946a8a9', 'SALE', 8),
    ('dc026e147844', 'SALE', 11),
    ('bbaa652dfce2', 'SALE', 17),
    ('be2ef56b4529', 'SALE', 17),
    ('c603abbd2456', 'SALE', 12),
    ('13b5e65850c1', 'SALE', 1),
    ('48a0b5aca706', 'SALE', 26),
    ('e70c2b47e11c', 'SALE', 4),
    ('a94e6e41eeed', 'SALE', 1),
    ('0fb38610bf5d', 'SALE', 22),
    ('dae84bb6f633', 'SALE', 25),
    ('1d8521f09618', 'SALE', 9),
    ('f111258e366e', 'SALE', 7),
    ('857edb21f223', 'SALE', 10),
    ('c7cdeef3ef97', 'SALE', 10),
    ('0b811f3301ef', 'SALE', 1),
    ('da8054126258', 'SALE', 4),
    ('879e08c7125e', 'SALE', 15),
    ('39d0aedb3ed6', 'SALE', 12),
    ('ef0b559dd702', 'SALE', 27),
    ('016c0a85f1a3', 'SALE', 22),
    ('3842a40d399d', 'SALE', 23),
    ('46aaee352d83', 'SALE', 25),
    ('6f5d029754e4', 'SALE', 30),
    ('481f6292bf79', 'SALE', 10),
    ('354507397c6c', 'SALE', 22),
    ('161737b81dd6', 'SALE', 6),
    ('dd27083e7f85', 'SALE', 4),
    ('9f75ec39c1ad', 'SALE', 4),
    ('57555c42d298', 'SALE', 1),
    ('828ca6cf4c56', 'SALE', 27),
    ('831e2475b094', 'SALE', 17),
    ('1884a326ddc0', 'SALE', 15),
    ('0f2e7a758d23', 'SALE', 28),
    ('617b7eaa28a5', 'SALE', 3),
    ('a11d36beb0cb', 'SALE', 4),
    ('29fa85ffc017', 'SALE', 1),
    ('3e492d6bc9bd', 'SALE', 12),
    ('075c3e0a5504', 'SALE', 8),
    ('a16b14057663', 'SALE', 25),
    ('2ca53746dcdb', 'SALE', 13),
    ('229e7e0199b0', 'SALE', 6),
    ('3cb50fadf0bf', 'SALE', 13),
    ('9435fbf62e80', 'SALE', 21),
    ('1618f4fcae21', 'SALE', 26),
    ('7321ecab4210', 'SALE', 28),
    ('c640da10f601', 'SALE', 28),
    ('ff4b538b5c25', 'SALE', 24),
    ('60cf54940f53', 'SALE', 28),
    ('12baf63bd6ae', 'SALE', 18),
    ('a7e34fbc259e', 'SALE', 7),
    ('8f3d6b882aad', 'SALE', 1),
    ('70349c8c0af2', 'SALE', 4),
    ('d28c5127bd82', 'SALE', 12),
    ('a3bab4346f5b', 'SALE', 1),
    ('ced7ae26562a', 'SALE', 24),
    ('568652376b28', 'SALE', 19),
    ('2cf0bbd952c1', 'SALE', 22),
    ('40d1386476dd', 'SALE', 25),
    ('f1ca94a1e21c', 'SALE', 2),
    ('63c773d9cc71', 'SALE', 11),
    ('141ce31025bd', 'SALE', 17),
    ('7711b43fec42', 'SALE', 12),
    ('7bd46fa6babb', 'SALE', 30),
    ('8a5f4fef2729', 'SALE', 28),
    ('6cf5893bc83a', 'SALE', 30),
    ('28bbd51b41b5', 'SALE', 10),
    ('1c8c6ad03e4e', 'SALE', 23),
    ('6924ddf98101', 'SALE', 7),
    ('a0189bd734a0', 'SALE', 8),
    ('cea1e73e3a6e', 'SALE', 11),
    ('5f26b18f20ff', 'SALE', 18),
    ('81d8222ee7f5', 'SALE', 13),
    ('afc336de60a6', 'SALE', 11),
    ('dee44aa4be68', 'SALE', 10),
    ('341850e82844', 'SALE', 6),
    ('908cf2395570', 'SALE', 7),
    ('a4715b3a9be0', 'SALE', 17),
    ('e08c62339ae5', 'SALE', 14),
    ('ca944f7684ab', 'SALE', 20),
    ('0886dd2c10b3', 'SALE', 22),
    ('4f58ed53c918', 'SALE', 14),
    ('2694f0190b0b', 'SALE', 13),
    ('feeea351a269', 'SALE', 27),
    ('ee7b7aa11321', 'SALE', 8),
    ('799fe9678c8e', 'SALE', 2),
    ('37c40c910af9', 'SALE', 2),
    ('a29f9b6711d6', 'SALE', 15);

INSERT INTO product_rental_unit(serial_number, state, product_id)
VALUES
    ('d8ef638ca89f', 'RENTAL_AVAILABLE', 9),
    ('fcfd4bb5891d', 'RENTAL_AVAILABLE', 14),
    ('ee40eb7b9928', 'RENTAL_AVAILABLE', 12),
    ('08d38de0c21e', 'RENTAL_AVAILABLE', 4),
    ('d9d32c54e28d', 'RENTAL_AVAILABLE', 7),
    ('2a707d5e3470', 'RENTAL_AVAILABLE', 27),
    ('2fd388444742', 'RENTAL_AVAILABLE', 3),
    ('f39a0f38ce0e', 'RENTAL_AVAILABLE', 4),
    ('4eca19f07e65', 'RENTAL_AVAILABLE', 15),
    ('e6927425287c', 'RENTAL_AVAILABLE', 20),
    ('c583f302d0bb', 'RENTAL_AVAILABLE', 19),
    ('001c78082566', 'RENTAL_AVAILABLE', 30),
    ('1cde4899ca55', 'RENTAL_AVAILABLE', 25),
    ('e803318ebc02', 'RENTAL_AVAILABLE', 6),
    ('9fcb7edfc4a6', 'RENTAL_AVAILABLE', 8),
    ('dc046729a841', 'RENTAL_AVAILABLE', 19),
    ('5d7b3449bf5a', 'RENTAL_AVAILABLE', 30),
    ('9ac42b4947bf', 'RENTAL_AVAILABLE', 30),
    ('3b6dd8e903af', 'RENTAL_AVAILABLE', 15),
    ('1b2010331815', 'RENTAL_AVAILABLE', 9),
    ('56f6e563d841', 'RENTAL_AVAILABLE', 7),
    ('58e8b69be8e7', 'RENTAL_AVAILABLE', 6),
    ('134b3ddead2e', 'RENTAL_AVAILABLE', 19),
    ('4557b1a4c4c1', 'RENTAL_AVAILABLE', 8),
    ('ff3ab6826ed2', 'RENTAL_AVAILABLE', 7),
    ('129c4dd6d294', 'RENTAL_AVAILABLE', 21),
    ('2faf79cfcf92', 'RENTAL_AVAILABLE', 12),
    ('23b50be896d8', 'RENTAL_AVAILABLE', 26),
    ('7d39f0cfb83a', 'RENTAL_AVAILABLE', 1),
    ('ade9cda96ee7', 'RENTAL_AVAILABLE', 12),
    ('b0750a0a64f6', 'RENTAL_AVAILABLE', 1),
    ('047136853842', 'RENTAL_AVAILABLE', 14),
    ('98778616d5d9', 'RENTAL_AVAILABLE', 30),
    ('fd9ab9db27ab', 'RENTAL_AVAILABLE', 29),
    ('fa05e333134d', 'RENTAL_AVAILABLE', 9),
    ('76a5b8e0ab87', 'RENTAL_AVAILABLE', 4),
    ('a0035c51edb7', 'RENTAL_AVAILABLE', 8),
    ('a880c6df49d6', 'RENTAL_AVAILABLE', 5),
    ('023a0c401b16', 'RENTAL_AVAILABLE', 16),
    ('75ddc8d46d0c', 'RENTAL_AVAILABLE', 25),
    ('4e7f81b866d5', 'RENTAL_AVAILABLE', 24),
    ('1ccb5ca7d89f', 'RENTAL_AVAILABLE', 6),
    ('344b036cef93', 'RENTAL_AVAILABLE', 15),
    ('29f85a2e223b', 'RENTAL_AVAILABLE', 25),
    ('116ea1a90337', 'RENTAL_AVAILABLE', 28),
    ('36c235151ce6', 'RENTAL_AVAILABLE', 16),
    ('ac701074ea91', 'RENTAL_AVAILABLE', 18),
    ('3aed60959636', 'RENTAL_AVAILABLE', 21),
    ('75714cc2d1e2', 'RENTAL_AVAILABLE', 22),
    ('e47698efecb7', 'RENTAL_AVAILABLE', 24),
    ('037c2887fc63', 'RENTAL_AVAILABLE', 22),
    ('32685cb7ec4e', 'RENTAL_AVAILABLE', 22),
    ('a11eb4cd2848', 'RENTAL_AVAILABLE', 7),
    ('4ceb5b4e4de7', 'RENTAL_AVAILABLE', 2),
    ('e273963c5336', 'RENTAL_AVAILABLE', 15),
    ('025fe2cc575d', 'RENTAL_AVAILABLE', 11),
    ('4235578d6047', 'RENTAL_AVAILABLE', 18),
    ('032b391631cf', 'RENTAL_AVAILABLE', 6),
    ('bcfcb23219bd', 'RENTAL_AVAILABLE', 30),
    ('9202361e959b', 'RENTAL_AVAILABLE', 9),
    ('89885c0fa65e', 'RENTAL_AVAILABLE', 4),
    ('d6c375142962', 'RENTAL_AVAILABLE', 26),
    ('e39c0d618fdf', 'RENTAL_AVAILABLE', 15),
    ('64c4abbfdba9', 'RENTAL_AVAILABLE', 29),
    ('db70fa455fee', 'RENTAL_AVAILABLE', 12),
    ('c7b1240747b2', 'RENTAL_AVAILABLE', 20),
    ('9c9e08157cbc', 'RENTAL_AVAILABLE', 23),
    ('72cf1502ee79', 'RENTAL_AVAILABLE', 9),
    ('85b87cbb267f', 'RENTAL_AVAILABLE', 10),
    ('cbc89831bf5c', 'RENTAL_AVAILABLE', 25),
    ('d81ea52bb71c', 'RENTAL_AVAILABLE', 13),
    ('ddcf20140479', 'RENTAL_AVAILABLE', 6),
    ('839b7b7df87a', 'RENTAL_AVAILABLE', 5),
    ('88378f77ffaa', 'RENTAL_AVAILABLE', 15),
    ('551ff602107e', 'RENTAL_AVAILABLE', 25),
    ('3e5064dff8b1', 'RENTAL_AVAILABLE', 7),
    ('ac2ecc71d3c8', 'RENTAL_AVAILABLE', 17),
    ('d1cba2a0c2ef', 'RENTAL_AVAILABLE', 7),
    ('28f0eee5cc46', 'RENTAL_AVAILABLE', 28),
    ('be9748ee2002', 'RENTAL_AVAILABLE', 7),
    ('a3dbbbad9db9', 'RENTAL_AVAILABLE', 15),
    ('2402c7fd862b', 'RENTAL_AVAILABLE', 22),
    ('7da3a680e1d9', 'RENTAL_AVAILABLE', 3),
    ('1c3e44f6c6af', 'RENTAL_AVAILABLE', 26),
    ('d0bb1d9b73b0', 'RENTAL_AVAILABLE', 12),
    ('4085476874fd', 'RENTAL_AVAILABLE', 4),
    ('0f6cbbf285ee', 'RENTAL_AVAILABLE', 30),
    ('451adec2dea4', 'RENTAL_AVAILABLE', 1),
    ('b8ec90ef204c', 'RENTAL_AVAILABLE', 10),
    ('495387f5576a', 'RENTAL_AVAILABLE', 23),
    ('795500f92088', 'RENTAL_AVAILABLE', 29),
    ('66ca7f392f68', 'RENTAL_AVAILABLE', 22),
    ('cfbf466b29ec', 'RENTAL_AVAILABLE', 23),
    ('e9e099264a0e', 'RENTAL_AVAILABLE', 18),
    ('50ea810f8a6e', 'RENTAL_AVAILABLE', 16),
    ('9f9c9a929e72', 'RENTAL_AVAILABLE', 26),
    ('a6b7a992e360', 'RENTAL_AVAILABLE', 4),
    ('cee616753cdb', 'RENTAL_AVAILABLE', 15),
    ('04e0862b104d', 'RENTAL_AVAILABLE', 6),
    ('f8532edb6781', 'RENTAL_AVAILABLE', 2),
    ('602ab4eba504', 'RENTAL_AVAILABLE', 1),
    ('058bc19c4f11', 'RENTAL_AVAILABLE', 27),
    ('0a39b4ac4cad', 'RENTAL_AVAILABLE', 20),
    ('9928431d7c83', 'RENTAL_AVAILABLE', 29),
    ('86d863456b94', 'RENTAL_AVAILABLE', 2),
    ('5c2174c915c9', 'RENTAL_AVAILABLE', 26),
    ('56c0677f2c36', 'RENTAL_AVAILABLE', 11),
    ('beaeeee17437', 'RENTAL_AVAILABLE', 11),
    ('82c50f2162b4', 'RENTAL_AVAILABLE', 18),
    ('df76b22722b9', 'RENTAL_AVAILABLE', 2),
    ('e730540b18d8', 'RENTAL_AVAILABLE', 25),
    ('fb6cce684759', 'RENTAL_AVAILABLE', 14),
    ('1c7808be86cf', 'RENTAL_AVAILABLE', 9),
    ('ce46e94e24a2', 'RENTAL_AVAILABLE', 8),
    ('41f55f4331b1', 'RENTAL_AVAILABLE', 10),
    ('a07769dee5f0', 'RENTAL_AVAILABLE', 23),
    ('0b74b042b32f', 'RENTAL_AVAILABLE', 5),
    ('b19b9e7d19e4', 'RENTAL_AVAILABLE', 27),
    ('eca9114cbae0', 'RENTAL_AVAILABLE', 26),
    ('6c365029d3e6', 'RENTAL_AVAILABLE', 15),
    ('4f156f495218', 'RENTAL_AVAILABLE', 28),
    ('7d3565ce1c22', 'RENTAL_AVAILABLE', 25),
    ('e7b074937abd', 'RENTAL_AVAILABLE', 1),
    ('dd15253ad69a', 'RENTAL_AVAILABLE', 20),
    ('a9fdede6a70e', 'RENTAL_AVAILABLE', 16),
    ('4003c8aa18aa', 'RENTAL_AVAILABLE', 20),
    ('9b00d478006b', 'RENTAL_AVAILABLE', 8),
    ('8a0300af5cae', 'RENTAL_AVAILABLE', 2),
    ('697e9985de34', 'RENTAL_AVAILABLE', 1),
    ('92caf37f1a41', 'RENTAL_AVAILABLE', 27),
    ('42b4d880e7d1', 'RENTAL_AVAILABLE', 9),
    ('b573699d2c86', 'RENTAL_AVAILABLE', 6),
    ('d472f81ba878', 'RENTAL_AVAILABLE', 5),
    ('2619a2b782b8', 'RENTAL_AVAILABLE', 19),
    ('8965dc10ef31', 'RENTAL_AVAILABLE', 29),
    ('66cf5672ff3a', 'RENTAL_AVAILABLE', 23),
    ('282b8f142b5a', 'RENTAL_AVAILABLE', 6),
    ('32262e03c18e', 'RENTAL_AVAILABLE', 17),
    ('36b15f13bbba', 'RENTAL_AVAILABLE', 5),
    ('4195e917d621', 'RENTAL_AVAILABLE', 19),
    ('047df712e995', 'RENTAL_AVAILABLE', 1),
    ('c63ff44d004b', 'RENTAL_AVAILABLE', 2),
    ('5b4d914bd49a', 'RENTAL_AVAILABLE', 7),
    ('23fae533ee13', 'RENTAL_AVAILABLE', 30),
    ('7cb52594d8fe', 'RENTAL_AVAILABLE', 17),
    ('aec2b90bb9d3', 'RENTAL_AVAILABLE', 16),
    ('8ad00400f84c', 'RENTAL_AVAILABLE', 20),
    ('5cbac7f66926', 'RENTAL_AVAILABLE', 5),
    ('c9fd6627c088', 'RENTAL_AVAILABLE', 23),
    ('e99163463193', 'RENTAL_AVAILABLE', 20);


INSERT INTO product_discount_policy(product_id, discount_policy_id)
VALUES (1, 1),
       (1, 2),
       (3, 1),
       (5, 1),
       (6, 2),
       (7, 1),
       (8, 2),
       (9, 1),
       (10, 2);

INSERT INTO image(id, image_url)
VALUES (1, 'https://cdn.pixabay.com/photo/2017/03/24/03/20/keyboard-2170063_1280.png'),
       (2, 'https://cdn.pixabay.com/photo/2020/04/08/16/32/keyboard-5017973_960_720.jpg'),
       (3, 'https://cdn.pixabay.com/photo/2016/11/28/01/34/laptop-1864126_960_720.jpg'),
       (4, 'https://cdn.pixabay.com/photo/2013/07/13/14/06/keyboard-162134_960_720.png'),
       (5, 'https://cdn.pixabay.com/photo/2015/09/09/18/30/keyboard-932370_960_720.jpg'),
       (6, 'https://cdn.pixabay.com/photo/2017/03/30/05/17/letters-2187262_960_720.jpg'),
       (7, 'https://cdn.pixabay.com/photo/2015/10/01/00/06/keyboard-966269_960_720.png'),
       (8, 'https://cdn.pixabay.com/photo/2017/01/16/07/22/keyboard-1983410_960_720.jpg'),
       (9, 'https://cdn.pixabay.com/photo/2015/08/13/01/00/keyboard-886462_960_720.jpg'),
       (10, 'https://cdn.pixabay.com/photo/2016/08/29/16/08/keyboard-1628579_960_720.jpg'),
       (11, 'https://cdn.pixabay.com/photo/2022/02/01/04/46/keyboard-6985517_960_720.jpg'),
       (12, 'https://cdn.pixabay.com/photo/2015/09/09/22/03/keyboard-933680_960_720.jpg'),
       (13, 'https://cdn.pixabay.com/photo/2018/08/19/15/58/mac-3616959_960_720.jpg'),
       (14, 'https://cdn.pixabay.com/photo/2013/08/25/11/41/keyboard-175614_960_720.jpg'),
       (15, 'https://cdn.pixabay.com/photo/2015/10/17/17/38/keyboard-992915_960_720.png'),
       (16, 'https://cdn.pixabay.com/photo/2020/01/12/08/12/keyboard-4759502_960_720.jpg'),
       (17, 'https://cdn.pixabay.com/photo/2012/02/21/07/48/cress-15086_960_720.jpg'),
       (18, 'https://cdn.pixabay.com/photo/2019/07/28/14/22/love-4368785_960_720.jpg'),
       (19, 'https://cdn.pixabay.com/photo/2015/09/09/19/38/keyboard-932830_960_720.jpg'),
       (20, 'https://cdn.pixabay.com/photo/2020/08/13/13/37/computer-5485237_960_720.jpg'),
       (21, 'https://cdn.pixabay.com/photo/2019/01/04/11/51/keyboard-3913007_960_720.jpg'),
       (22, 'https://cdn.pixabay.com/photo/2017/08/03/08/43/mouse-2575068_960_720.jpg'),
       (23, 'https://cdn.pixabay.com/photo/2020/01/12/08/12/keyboard-4759501_960_720.jpg'),
       (24, 'https://cdn.pixabay.com/photo/2022/01/30/17/15/keyboard-6981763_960_720.jpg'),

--        여분
       (25, 'spare'),

--        상세이미지
       (26, 'https://www.leopold.co.kr/Editor/2203/3547032030_1646900091.34.jpg'),
       (27, 'https://www.leopold.co.kr/Editor/2202/3547032030_1644298182.74.jpg'),
       (28, 'https://www.leopold.co.kr/Editor/2202/3547032030_1644303608.81.jpg'),
       (29,
        'http://www.imagelink.co.kr/files/attach/images/149/553/011/21db29b5dec0f20bb26ac6cae9aa8514.jpg'),
       (30,
        'http://www.imagelink.co.kr/files/attach/images/149/739/009/18b21f9af7c2487d4a4cd78fbb488c0a.jpg'),
       (31,
        'http://sweety009.cafe24.com/files/attach/images/120/958/008/f3f619146d53349dd2be6f3563c07ab8.jpg'),
       (32,
        'http://sweety009.cafe24.com/files/attach/images/116/421/014/26c4acf2a11cd4a36b9e0371a8fc5fe3.jpg'),
       (33,
        'http://ai.esmplus.com/crecrew/170928_%E1%84%89%E1%85%A1%E1%86%BC%E1%84%89%E1%85%A6%E1%84%91%E1%85%A6%E1%84%8B%E1%85%B5%E1%84%8C%E1%85%B5_PETRA%E1%84%80%E1%85%A6%E1%84%8B%E1%85%B5%E1%84%86%E1%85%B5%E1%86%BC%E1%84%8F%E1%85%B5%E1%84%87%E1%85%A9%E1%84%83%E1%85%B3%E1%84%86%E1%85%A1%E1%84%8B%E1%85%AE%E1%84%89%E1%85%B3%E1%84%89%E1%85%A6%E1%84%90%E1%85%B3.jpg'),
       (34,
        'http://sweety009.cafe24.com/files/attach/images/116/968/008/db400a54f03c6486bd62bb53062e81c7.jpg'),
       (35,
        'https://cdn006.negagea.net/timco/%ec%a0%9c%eb%8b%89%ec%8a%a4/%ec%83%81%ec%84%b8%ed%8e%98%ec%9d%b4%ec%a7%80/STORMX_TITAN_SE_%ec%83%81%ec%84%b8%ec%9d%b4%eb%af%b8%ec%a7%80.jpg'),
       (36,
        'http://ai.esmplus.com/crecrew/190225_%E1%84%89%E1%85%A1%E1%86%BC%E1%84%89%E1%85%A6%E1%84%91%E1%85%A6%E1%84%8B%E1%85%B5%E1%84%8C%E1%85%B5_COX%20CK30_01.jpg'),

--        여분
       (37, 'https://cdn.funshop.co.kr/products/0000102949/637765447577158486.jpg'),
       (38,
        'http://img.danawa.com/prod_img/500000/086/768/desc/prod_12768086/add_1/20210108141756332_72FTYPB0.jpg'),
       (39,
        'http://img.danawa.com/prod_img/500000/114/471/desc/prod_14471114/add_1/20210614171925125_IT4W3AKF.jpg'),

--        2022-08-25 추가
       (40,
        'https://img.danawa.com/prod_img/500000/084/709/img/4709084_1.jpg?shrink=500:500&_v=20211228101305'),
       (41,
        'https://img.danawa.com/prod_img/500000/084/709/img/4709084_2.jpg?shrink=500:500&_v=20211228101305'),
       (42,
        'https://img.danawa.com/prod_img/500000/084/709/img/4709084_3.jpg?shrink=500:500&_v=20211228101305'),

       (43,
        'https://iws.danawa.com/prod_img/500000/084/709/desc/prod_4709084/add_2/20210407133650303_2ABM4GIN.jpg'),

       (44,
        'https://img.danawa.com/prod_img/500000/479/221/img/5221479_1.jpg?shrink=500:500&_v=20220714150155'),
       (45,
        'https://img.danawa.com/prod_img/500000/479/221/img/5221479_2.jpg?shrink=500:500&_v=20220714150155'),
       (46,
        'https://img.danawa.com/prod_img/500000/479/221/img/5221479_3.jpg?shrink=500:500&_v=20220714150155'),
       (47,
        'https://img.danawa.com/prod_img/500000/479/221/img/5221479_4.jpg?shrink=500:500&_v=20220714150155'),

       (48,
        'https://iws.danawa.com/prod_img/500000/479/221/desc/prod_5221479/add_1/20211018140519394_J9Z97W8G.jpg'),

       (49,
        'https://img.danawa.com/prod_img/500000/857/565/img/17565857_1.jpg?shrink=330:330&_v=20220729135928'),

       (50,
        'https://iws.danawa.com/prod_img/500000/857/565/desc/prod_17565857/add_1/20220729135819435_FTV70WHO.jpg'),

       (51,
        'https://img.danawa.com/prod_img/500000/637/448/img/15448637_1.jpg?shrink=500:500&_v=20211015164726'),

       (52,
        'https://iws.danawa.com/prod_img/500000/637/448/desc/prod_15448637/add_1/20211015164239828_AVZ91C1V.jpg'),

       (53,
        'https://img.danawa.com/prod_img/500000/701/079/img/17079701_1.jpg?shrink=500:500&_v=20220519094414'),
       (54,
        'https://img.danawa.com/prod_img/500000/701/079/img/17079701_2.jpg?shrink=500:500&_v=20220519094414'),
       (55,
        'https://img.danawa.com/prod_img/500000/701/079/img/17079701_3.jpg?shrink=500:500&_v=20220519094414'),

       (56,
        'https://iws.danawa.com/prod_img/500000/701/079/desc/prod_17079701/add_1/20220519091117682_TD44HO5K.jpg'),

       (57,
        'https://img.danawa.com/prod_img/500000/449/497/img/5497449_1.jpg?shrink=500:500&_v=20190823155537'),
       (58,
        'https://img.danawa.com/prod_img/500000/449/497/img/5497449_2.jpg?shrink=500:500&_v=20190823155537'),
       (59,
        'https://img.danawa.com/prod_img/500000/449/497/img/5497449_3.jpg?shrink=500:500&_v=20190823155537'),

       (60,
        'https://iws.danawa.com/prod_img/500000/449/497/desc/prod_5497449/add_1/FC900R-PD_KR_final.jpg'),

       (61,
        'https://img.danawa.com/prod_img/500000/145/736/img/4736145_1.jpg?shrink=500:500&_v=20170405190254'),
       (62,
        'https://img.danawa.com/prod_img/500000/145/736/img/4736145_2.jpg?shrink=500:500&_v=20170405190254'),

       (63,
        'https://iws.danawa.com/prod_img/500000/145/736/desc/prod_4736145/add_1/STORM_K5_01.jpg'),

       (64,
        'https://img.danawa.com/prod_img/500000/088/351/img/16351088_1.jpg?shrink=500:500&_v=20220209094639'),

       (65,
        'https://iws.danawa.com/prod_img/500000/088/351/desc/prod_16351088/add_1/20220209094315406_MNMQJYMM.jpg'),

       (66,
        'https://img.danawa.com/prod_img/500000/254/285/img/4285254_1.jpg?shrink=500:500&_v=20220602181028'),

       (67, 'https://iws.danawa.com/prod_img/500000/254/285/desc/prod_4285254/add_1/mark5_01.jpg'),

       (68,
        'https://img.danawa.com/prod_img/500000/857/565/img/17565857_1.jpg?shrink=500:500&_v=20220729135928'),

       (69,
        'https://iws.danawa.com/prod_img/500000/076/656/desc/prod_14656076/add_1/20210712131814266_4VMBE7Q4.jpg'),

       (70,
        'https://img.danawa.com/prod_img/500000/254/756/img/3756254_1.jpg?shrink=500:500&_v=20160817152931'),
       (71,
        'https://img.danawa.com/prod_img/500000/254/756/img/3756254_2.jpg?shrink=500:500&_v=20160817152931'),

       (72,
        'https://iws.danawa.com/prod_img/500000/254/756/desc/prod_3756254/add_1/m10tsfl_01.jpg'),

       (73,
        'https://img.danawa.com/prod_img/500000/871/242/img/9242871_1.jpg?shrink=500:500&_v=20200107105606'),
       (74,
        'https://img.danawa.com/prod_img/500000/871/242/img/9242871_2.jpg?shrink=500:500&_v=20200107105606'),
       (75,
        'https://img.danawa.com/prod_img/500000/871/242/img/9242871_3.jpg?shrink=500:500&_v=20200107105606'),

       (76,
        'https://iws.danawa.com/prod_img/500000/871/242/desc/prod_9242871/add_1/20190809160636305_0WQYWL5J.jpg'),

       (77,
        'https://img.danawa.com/prod_img/500000/221/757/img/3757221_1.jpg?shrink=500:500&_v=20160817152730'),
       (78, 'https://iws.danawa.com/prod_img/500000/221/757/desc/prod_3757221/add_1/m9sfl_01.jpg'),

       (79,
        'https://img.danawa.com/prod_img/500000/816/345/img/17345816_1.jpg?shrink=500:500&_v=20220708091931'),
       (80,
        'https://img.danawa.com/prod_img/500000/816/345/img/17345816_2.jpg?shrink=500:500&_v=20220708091931'),
       (81,
        'https://img.danawa.com/prod_img/500000/816/345/img/17345816_3.jpg?shrink=500:500&_v=20220708091931'),
       (82,
        'https://img.danawa.com/prod_img/500000/816/345/img/17345816_4.jpg?shrink=500:500&_v=20220708091931'),

       (83,
        'https://iws.danawa.com/prod_img/500000/816/345/desc/prod_17345816/add_1/20220708091924398_XQROXYB9.jpg'),

       (84,
        'https://img.danawa.com/prod_img/500000/455/679/img/17679455_1.jpg?shrink=500:500&_v=20220818125634'),

       (85,
        'https://iws.danawa.com/prod_img/500000/455/679/desc/prod_17679455/add_1/20220818125644656_T0W59WYD.jpg'),

       (86,
        'https://img.danawa.com/prod_img/500000/799/229/img/15229799_1.jpg?shrink=500:500&_v=20210913112802'),
       (87,
        'https://img.danawa.com/prod_img/500000/799/229/img/15229799_2.jpg?shrink=500:500&_v=20210913112802'),
       (88,
        'https://img.danawa.com/prod_img/500000/799/229/img/15229799_3.jpg?shrink=500:500&_v=20210913112802'),
       (89,
        'https://img.danawa.com/prod_img/500000/799/229/img/15229799_4.jpg?shrink=500:500&_v=20210913112802'),

       (90,
        'https://iws.danawa.com/prod_img/500000/799/229/desc/prod_15229799/add_1/20210913095457840_IBOU9BR6.jpg'),

       (91,
        'https://img.danawa.com/prod_img/500000/484/698/img/3698484_1.jpg?shrink=500:500&_v=20180119091712'),

       (92,
        'https://iws.danawa.com/prod_img/500000/484/698/desc/prod_3698484/add_1/TITANse_01.jpg'),

       (93,
        'https://img.danawa.com/prod_img/500000/072/875/img/12875072_1.jpg?shrink=500:500&_v=20220602181027'),
       (94,
        'https://img.danawa.com/prod_img/500000/072/875/img/12875072_2.jpg?shrink=500:500&_v=20220602181027'),
       (95,
        'https://img.danawa.com/prod_img/500000/072/875/img/12875072_3.jpg?shrink=500:500&_v=20220602181027'),
       (96,
        'https://img.danawa.com/prod_img/500000/072/875/img/12875072_4.jpg?shrink=500:500&_v=20220602181027'),

       (97,
        'https://iws.danawa.com/prod_img/500000/072/875/desc/prod_12875072/add_1/20201209144926292_PSKDRSEV.jpg'),

       (98,
        'https://img.danawa.com/prod_img/500000/852/887/img/11887852_1.jpg?shrink=500:500&_v=20210413125632'),
       (99,
        'https://img.danawa.com/prod_img/500000/852/887/img/11887852_2.jpg?shrink=500:500&_v=20210413125632'),
       (100,
        'https://img.danawa.com/prod_img/500000/852/887/img/11887852_3.jpg?shrink=500:500&_v=20210413125632'),
       (101,
        'https://img.danawa.com/prod_img/500000/852/887/img/11887852_4.jpg?shrink=500:500&_v=20210413125632'),

       (102,
        'https://iws.danawa.com/prod_img/500000/852/887/desc/prod_11887852/add_1/20210318145828103_BTZN0AF7.jpg');

INSERT INTO product_image(product_id, image_id)
VALUES (1, 1),
       (1, 2),
       (1, 3),
       (2, 4),
       (2, 5),
       (2, 6),
       (2, 7),
       (3, 8),
       (3, 9),
       (4, 10),
       (4, 11),
       (4, 12),
       (5, 13),
       (5, 14),
       (6, 15),
       (6, 16),
       (6, 17),
       (7, 18),
       (8, 19),
       (9, 20),
       (10, 21),
       (11, 22),
       (11, 23),
       (11, 24),
       (12, 40),
       (12, 41),
       (12, 42),
       (13, 44),
       (13, 45),
       (13, 46),
       (13, 47),
       (14, 49),
       (15, 51),
       (16, 53),
       (16, 54),
       (16, 55),
       (17, 57),
       (17, 58),
       (17, 59),
       (18, 61),
       (18, 62),
       (19, 64),
       (20, 66),
       (21, 68),
       (22, 70),
       (22, 71),
       (23, 73),
       (23, 74),
       (23, 75),
       (24, 77),
       (25, 79),
       (25, 80),
       (25, 81),
       (25, 82),
       (26, 84),
       (27, 86),
       (27, 87),
       (27, 88),
       (27, 89),
       (28, 91),
       (29, 93),
       (29, 94),
       (29, 95),
       (29, 96),
       (30, 98),
       (30, 99),
       (30, 100),
       (30, 101);

INSERT INTO product_info_image(product_id, image_id)
VALUES (1, 26),
       (2, 27),
       (3, 28),
       (4, 29),
       (5, 30),
       (6, 31),
       (7, 32),
       (8, 33),
       (9, 34),
       (10, 35),
       (11, 36),
       (12, 43),
       (13, 48),
       (14, 50),
       (15, 52),
       (16, 56),
       (17, 60),
       (18, 63),
       (19, 65),
       (20, 67),
       (21, 69),
       (22, 72),
       (23, 76),
       (24, 78),
       (25, 83),
       (26, 85),
       (27, 90),
       (28, 92),
       (29, 97),
       (30, 102);

INSERT INTO product_like(product_id, member_id)
VALUES (1, 1);

INSERT INTO keyboard_switch(keyboard_id, switch_id)
VALUES (1, 1),
       (1, 2),
       (1, 3),
       (2, 2),
       (2, 4),
       (2, 5),
       (3, 1),
       (4, 1),
       (5, 1),
       (6, 1),
       (7, 1),
       (8, 1),
       (9, 1),
       (10, 1),
       (11, 1),
       (12, 1),
       (12, 2),
       (13, 4),
       (14, 2),
       (14, 5),
       (15, 1),
       (16, 2),
       (17, 2),
       (18, 1),
       (19, 3),
       (20, 1),
       (21, 2),
       (21, 4),
       (22, 1),
       (22, 4),
       (23, 5),
       (24, 5),
       (25, 2),
       (26, 1),
       (26, 4),
       (27, 1),
       (28, 5),
       (29, 2),
       (30, 4);
